<keymap version="1" name="zhougaoxiong_personal_user" parent="$default">
  <action id="ClassNameCompletion">
    <keyboard-shortcut first-keystroke="shift enter" />
  </action>
  <action id="CollapseExpandableComponent">
    <keyboard-shortcut first-keystroke="ctrl subtract" />
    <keyboard-shortcut first-keystroke="ctrl minus" />
  </action>
  <action id="EditorStartNewLine" />
  <action id="ExpandExpandableComponent">
    <keyboard-shortcut first-keystroke="ctrl add" />
    <keyboard-shortcut first-keystroke="ctrl equals" />
  </action>
  <action id="OpenElementInNewWindow" />
</keymap>