<application>
  <component name="ProjectJdkTable">
    <jdk version="2">
      <name value="Kotlin SDK" />
      <type value="KotlinSDK" />
      <version value="1.2.30" />
      <homePath value="C:\Program Files\Android\Android Studio\plugins\Kotlin\kotlinc" />
      <roots>
        <annotationsPath>
          <root type="composite" />
        </annotationsPath>
        <classPath>
          <root type="composite" />
        </classPath>
        <javadocPath>
          <root type="composite" />
        </javadocPath>
        <sourcePath>
          <root type="composite" />
        </sourcePath>
      </roots>
      <additional />
    </jdk>
    <jdk version="2">
      <name value="Android API 14 Platform" />
      <type value="Android SDK" />
      <version value="java version &quot;1.8.0_212&quot;" />
      <homePath value="D:\sdk" />
      <roots>
        <annotationsPath>
          <root type="composite">
            <root url="jar://$APPLICATION_HOME_DIR$/plugins/android/lib/androidAnnotations.jar!/" type="simple" />
          </root>
        </annotationsPath>
        <classPath>
          <root type="composite">
            <root url="jar://D:/sdk/platforms/android-14/android.jar!/" type="simple" />
            <root url="file://D:/sdk/platforms/android-14/data/res" type="simple" />
            <root url="jar://D:/sdk/tools/support/annotations.jar!/" type="simple" />
          </root>
        </classPath>
        <javadocPath>
          <root type="composite">
            <root url="file://D:/sdk/docs/reference" type="simple" />
          </root>
        </javadocPath>
        <sourcePath>
          <root type="composite">
            <root url="file://D:/sdk/sources/android-14" type="simple" />
          </root>
        </sourcePath>
      </roots>
      <additional jdk="1.8" sdk="android-14" />
    </jdk>
    <jdk version="2">
      <name value="Android API 15 Platform" />
      <type value="Android SDK" />
      <version value="java version &quot;1.8.0_212&quot;" />
      <homePath value="D:\sdk" />
      <roots>
        <annotationsPath>
          <root type="composite">
            <root url="jar://$APPLICATION_HOME_DIR$/plugins/android/lib/androidAnnotations.jar!/" type="simple" />
          </root>
        </annotationsPath>
        <classPath>
          <root type="composite">
            <root url="jar://D:/sdk/platforms/android-15/android.jar!/" type="simple" />
            <root url="file://D:/sdk/platforms/android-15/data/res" type="simple" />
            <root url="jar://D:/sdk/tools/support/annotations.jar!/" type="simple" />
          </root>
        </classPath>
        <javadocPath>
          <root type="composite">
            <root url="file://D:/sdk/docs/reference" type="simple" />
          </root>
        </javadocPath>
        <sourcePath>
          <root type="composite">
            <root url="file://D:/sdk/sources/android-15" type="simple" />
          </root>
        </sourcePath>
      </roots>
      <additional jdk="1.8" sdk="android-15" />
    </jdk>
    <jdk version="2">
      <name value="Android API 16 Platform" />
      <type value="Android SDK" />
      <version value="java version &quot;1.8.0_212&quot;" />
      <homePath value="D:\sdk" />
      <roots>
        <annotationsPath>
          <root type="composite">
            <root url="jar://$APPLICATION_HOME_DIR$/plugins/android/lib/androidAnnotations.jar!/" type="simple" />
          </root>
        </annotationsPath>
        <classPath>
          <root type="composite">
            <root url="jar://D:/sdk/platforms/android-16/android.jar!/" type="simple" />
            <root url="file://D:/sdk/platforms/android-16/data/res" type="simple" />
          </root>
        </classPath>
        <javadocPath>
          <root type="composite">
            <root url="file://D:/sdk/docs/reference" type="simple" />
          </root>
        </javadocPath>
        <sourcePath>
          <root type="composite">
            <root url="file://D:/sdk/sources/android-16" type="simple" />
          </root>
        </sourcePath>
      </roots>
      <additional jdk="1.8" sdk="android-16" />
    </jdk>
    <jdk version="2">
      <name value="Android API 17 Platform" />
      <type value="Android SDK" />
      <version value="java version &quot;1.8.0_212&quot;" />
      <homePath value="D:\sdk" />
      <roots>
        <annotationsPath>
          <root type="composite">
            <root url="jar://$APPLICATION_HOME_DIR$/plugins/android/lib/androidAnnotations.jar!/" type="simple" />
          </root>
        </annotationsPath>
        <classPath>
          <root type="composite">
            <root url="jar://D:/sdk/platforms/android-17/android.jar!/" type="simple" />
            <root url="file://D:/sdk/platforms/android-17/data/res" type="simple" />
          </root>
        </classPath>
        <javadocPath>
          <root type="composite">
            <root url="file://D:/sdk/docs/reference" type="simple" />
          </root>
        </javadocPath>
        <sourcePath>
          <root type="composite">
            <root url="file://D:/sdk/sources/android-17" type="simple" />
          </root>
        </sourcePath>
      </roots>
      <additional jdk="1.8" sdk="android-17" />
    </jdk>
    <jdk version="2">
      <name value="Android API 18 Platform" />
      <type value="Android SDK" />
      <version value="java version &quot;1.8.0_212&quot;" />
      <homePath value="D:\sdk" />
      <roots>
        <annotationsPath>
          <root type="composite">
            <root url="jar://$APPLICATION_HOME_DIR$/plugins/android/lib/androidAnnotations.jar!/" type="simple" />
          </root>
        </annotationsPath>
        <classPath>
          <root type="composite">
            <root url="jar://D:/sdk/platforms/android-18/android.jar!/" type="simple" />
            <root url="file://D:/sdk/platforms/android-18/data/res" type="simple" />
          </root>
        </classPath>
        <javadocPath>
          <root type="composite">
            <root url="file://D:/sdk/docs/reference" type="simple" />
          </root>
        </javadocPath>
        <sourcePath>
          <root type="composite">
            <root url="file://D:/sdk/sources/android-18" type="simple" />
          </root>
        </sourcePath>
      </roots>
      <additional jdk="1.8" sdk="android-18" />
    </jdk>
    <jdk version="2">
      <name value="Android API 19 Platform" />
      <type value="Android SDK" />
      <version value="java version &quot;1.8.0_212&quot;" />
      <homePath value="D:\sdk" />
      <roots>
        <annotationsPath>
          <root type="composite">
            <root url="jar://$APPLICATION_HOME_DIR$/plugins/android/lib/androidAnnotations.jar!/" type="simple" />
          </root>
        </annotationsPath>
        <classPath>
          <root type="composite">
            <root url="jar://D:/sdk/platforms/android-19/android.jar!/" type="simple" />
            <root url="file://D:/sdk/platforms/android-19/data/res" type="simple" />
          </root>
        </classPath>
        <javadocPath>
          <root type="composite">
            <root url="file://D:/sdk/docs/reference" type="simple" />
          </root>
        </javadocPath>
        <sourcePath>
          <root type="composite">
            <root url="file://D:/sdk/sources/android-19" type="simple" />
          </root>
        </sourcePath>
      </roots>
      <additional jdk="1.8" sdk="android-19" />
    </jdk>
    <jdk version="2">
      <name value="Android API 20 Platform" />
      <type value="Android SDK" />
      <version value="java version &quot;1.8.0_212&quot;" />
      <homePath value="D:\sdk" />
      <roots>
        <annotationsPath>
          <root type="composite">
            <root url="jar://$APPLICATION_HOME_DIR$/plugins/android/lib/androidAnnotations.jar!/" type="simple" />
          </root>
        </annotationsPath>
        <classPath>
          <root type="composite">
            <root url="jar://D:/sdk/platforms/android-20/android.jar!/" type="simple" />
            <root url="file://D:/sdk/platforms/android-20/data/res" type="simple" />
          </root>
        </classPath>
        <javadocPath>
          <root type="composite">
            <root url="file://D:/sdk/docs/reference" type="simple" />
          </root>
        </javadocPath>
        <sourcePath>
          <root type="composite">
            <root url="file://D:/sdk/sources/android-20" type="simple" />
          </root>
        </sourcePath>
      </roots>
      <additional jdk="1.8" sdk="android-20" />
    </jdk>
    <jdk version="2">
      <name value="Android API 21 Platform" />
      <type value="Android SDK" />
      <version value="java version &quot;1.8.0_212&quot;" />
      <homePath value="D:\sdk" />
      <roots>
        <annotationsPath>
          <root type="composite">
            <root url="jar://$APPLICATION_HOME_DIR$/plugins/android/lib/androidAnnotations.jar!/" type="simple" />
          </root>
        </annotationsPath>
        <classPath>
          <root type="composite">
            <root url="jar://D:/sdk/platforms/android-21/android.jar!/" type="simple" />
            <root url="file://D:/sdk/platforms/android-21/data/res" type="simple" />
          </root>
        </classPath>
        <javadocPath>
          <root type="composite">
            <root url="file://D:/sdk/docs/reference" type="simple" />
          </root>
        </javadocPath>
        <sourcePath>
          <root type="composite">
            <root url="file://D:/sdk/sources/android-21" type="simple" />
          </root>
        </sourcePath>
      </roots>
      <additional jdk="1.8" sdk="android-21" />
    </jdk>
    <jdk version="2">
      <name value="Android API 22 Platform" />
      <type value="Android SDK" />
      <version value="java version &quot;1.8.0_212&quot;" />
      <homePath value="D:\sdk" />
      <roots>
        <annotationsPath>
          <root type="composite">
            <root url="jar://$APPLICATION_HOME_DIR$/plugins/android/lib/androidAnnotations.jar!/" type="simple" />
          </root>
        </annotationsPath>
        <classPath>
          <root type="composite">
            <root url="jar://D:/sdk/platforms/android-22/android.jar!/" type="simple" />
            <root url="file://D:/sdk/platforms/android-22/data/res" type="simple" />
          </root>
        </classPath>
        <javadocPath>
          <root type="composite">
            <root url="file://D:/sdk/docs/reference" type="simple" />
          </root>
        </javadocPath>
        <sourcePath>
          <root type="composite">
            <root url="file://D:/sdk/sources/android-22" type="simple" />
          </root>
        </sourcePath>
      </roots>
      <additional jdk="1.8" sdk="android-22" />
    </jdk>
    <jdk version="2">
      <name value="Android API 23 Platform" />
      <type value="Android SDK" />
      <version value="java version &quot;1.8.0_212&quot;" />
      <homePath value="D:\sdk" />
      <roots>
        <annotationsPath>
          <root type="composite">
            <root url="jar://$APPLICATION_HOME_DIR$/plugins/android/lib/androidAnnotations.jar!/" type="simple" />
          </root>
        </annotationsPath>
        <classPath>
          <root type="composite">
            <root url="jar://D:/sdk/platforms/android-23/android.jar!/" type="simple" />
            <root url="file://D:/sdk/platforms/android-23/data/res" type="simple" />
          </root>
        </classPath>
        <javadocPath>
          <root type="composite">
            <root url="file://D:/sdk/docs/reference" type="simple" />
          </root>
        </javadocPath>
        <sourcePath>
          <root type="composite">
            <root url="file://D:/sdk/sources/android-23" type="simple" />
          </root>
        </sourcePath>
      </roots>
      <additional jdk="1.8" sdk="android-23" />
    </jdk>
    <jdk version="2">
      <name value="Android API 24 Platform" />
      <type value="Android SDK" />
      <version value="java version &quot;1.8.0_212&quot;" />
      <homePath value="D:\sdk" />
      <roots>
        <annotationsPath>
          <root type="composite">
            <root url="jar://$APPLICATION_HOME_DIR$/plugins/android/lib/androidAnnotations.jar!/" type="simple" />
          </root>
        </annotationsPath>
        <classPath>
          <root type="composite">
            <root url="jar://D:/sdk/platforms/android-24/android.jar!/" type="simple" />
            <root url="file://D:/sdk/platforms/android-24/data/res" type="simple" />
          </root>
        </classPath>
        <javadocPath>
          <root type="composite">
            <root url="file://D:/sdk/docs/reference" type="simple" />
          </root>
        </javadocPath>
        <sourcePath>
          <root type="composite">
            <root url="file://D:/sdk/sources/android-24" type="simple" />
          </root>
        </sourcePath>
      </roots>
      <additional jdk="1.8" sdk="android-24" />
    </jdk>
    <jdk version="2">
      <name value="Android API 25 Platform" />
      <type value="Android SDK" />
      <version value="java version &quot;1.8.0_212&quot;" />
      <homePath value="D:\sdk" />
      <roots>
        <annotationsPath>
          <root type="composite">
            <root url="jar://$APPLICATION_HOME_DIR$/plugins/android/lib/androidAnnotations.jar!/" type="simple" />
          </root>
        </annotationsPath>
        <classPath>
          <root type="composite">
            <root url="jar://D:/sdk/platforms/android-25/android.jar!/" type="simple" />
            <root url="file://D:/sdk/platforms/android-25/data/res" type="simple" />
          </root>
        </classPath>
        <javadocPath>
          <root type="composite">
            <root url="file://D:/sdk/docs/reference" type="simple" />
          </root>
        </javadocPath>
        <sourcePath>
          <root type="composite">
            <root url="file://D:/sdk/sources/android-25" type="simple" />
          </root>
        </sourcePath>
      </roots>
      <additional jdk="1.8" sdk="android-25" />
    </jdk>
    <jdk version="2">
      <name value="Android API 26 Platform" />
      <type value="Android SDK" />
      <version value="java version &quot;1.8.0_212&quot;" />
      <homePath value="D:\sdk" />
      <roots>
        <annotationsPath>
          <root type="composite">
            <root url="jar://$APPLICATION_HOME_DIR$/plugins/android/lib/androidAnnotations.jar!/" type="simple" />
          </root>
        </annotationsPath>
        <classPath>
          <root type="composite">
            <root url="jar://D:/sdk/platforms/android-26/android.jar!/" type="simple" />
            <root url="file://D:/sdk/platforms/android-26/data/res" type="simple" />
          </root>
        </classPath>
        <javadocPath>
          <root type="composite">
            <root url="file://D:/sdk/docs/reference" type="simple" />
          </root>
        </javadocPath>
        <sourcePath>
          <root type="composite">
            <root url="file://D:/sdk/sources/android-26" type="simple" />
          </root>
        </sourcePath>
      </roots>
      <additional jdk="1.8" sdk="android-26" />
    </jdk>
    <jdk version="2">
      <name value="Android API 27 Platform" />
      <type value="Android SDK" />
      <version value="java version &quot;1.8.0_144&quot;" />
      <homePath value="D:\sdk" />
      <roots>
        <annotationsPath>
          <root type="composite">
            <root url="jar://$APPLICATION_HOME_DIR$/plugins/android/lib/androidAnnotations.jar!/" type="simple" />
          </root>
        </annotationsPath>
        <classPath>
          <root type="composite">
            <root url="jar://D:/sdk/platforms/android-27/android.jar!/" type="simple" />
            <root url="file://D:/sdk/platforms/android-27/data/res" type="simple" />
          </root>
        </classPath>
        <javadocPath>
          <root type="composite">
            <root url="file://D:/sdk/docs/reference" type="simple" />
          </root>
        </javadocPath>
        <sourcePath>
          <root type="composite">
            <root url="file://D:/sdk/sources/android-27" type="simple" />
          </root>
        </sourcePath>
      </roots>
      <additional jdk="1.8" sdk="android-27" />
    </jdk>
    <jdk version="2">
      <name value="Android API 28 Platform" />
      <type value="Android SDK" />
      <version value="java version &quot;1.8.0_152&quot;" />
      <homePath value="D:\sdk" />
      <roots>
        <annotationsPath>
          <root type="composite">
            <root url="jar://D:/sdk/platforms/android-28/data/annotations.zip!/" type="simple" />
          </root>
        </annotationsPath>
        <classPath>
          <root type="composite">
            <root url="jar://D:/sdk/platforms/android-28/android.jar!/" type="simple" />
            <root url="file://D:/sdk/platforms/android-28/data/res" type="simple" />
          </root>
        </classPath>
        <javadocPath>
          <root type="composite">
            <root url="file://D:/sdk/docs/reference" type="simple" />
          </root>
        </javadocPath>
        <sourcePath>
          <root type="composite">
            <root url="file://D:/sdk/sources/android-28" type="simple" />
          </root>
        </sourcePath>
      </roots>
      <additional jdk="1.8" sdk="android-28" />
    </jdk>
    <jdk version="2">
      <name value="1.8" />
      <type value="JavaSDK" />
      <version value="java version &quot;1.8.0_25&quot;" />
      <homePath value="C:/MY Program File/jdk1.8" />
      <roots>
        <annotationsPath>
          <root type="composite">
            <root url="jar://$APPLICATION_HOME_DIR$/plugins/java/lib/jdkAnnotations.jar!/" type="simple" />
          </root>
        </annotationsPath>
        <classPath>
          <root type="composite">
            <root url="jar://C:/MY Program File/jdk1.8/jre/lib/charsets.jar!/" type="simple" />
            <root url="jar://C:/MY Program File/jdk1.8/jre/lib/deploy.jar!/" type="simple" />
            <root url="jar://C:/MY Program File/jdk1.8/jre/lib/ext/access-bridge-64.jar!/" type="simple" />
            <root url="jar://C:/MY Program File/jdk1.8/jre/lib/ext/cldrdata.jar!/" type="simple" />
            <root url="jar://C:/MY Program File/jdk1.8/jre/lib/ext/dnsns.jar!/" type="simple" />
            <root url="jar://C:/MY Program File/jdk1.8/jre/lib/ext/jaccess.jar!/" type="simple" />
            <root url="jar://C:/MY Program File/jdk1.8/jre/lib/ext/jfxrt.jar!/" type="simple" />
            <root url="jar://C:/MY Program File/jdk1.8/jre/lib/ext/localedata.jar!/" type="simple" />
            <root url="jar://C:/MY Program File/jdk1.8/jre/lib/ext/nashorn.jar!/" type="simple" />
            <root url="jar://C:/MY Program File/jdk1.8/jre/lib/ext/sunec.jar!/" type="simple" />
            <root url="jar://C:/MY Program File/jdk1.8/jre/lib/ext/sunjce_provider.jar!/" type="simple" />
            <root url="jar://C:/MY Program File/jdk1.8/jre/lib/ext/sunmscapi.jar!/" type="simple" />
            <root url="jar://C:/MY Program File/jdk1.8/jre/lib/ext/sunpkcs11.jar!/" type="simple" />
            <root url="jar://C:/MY Program File/jdk1.8/jre/lib/ext/zipfs.jar!/" type="simple" />
            <root url="jar://C:/MY Program File/jdk1.8/jre/lib/javaws.jar!/" type="simple" />
            <root url="jar://C:/MY Program File/jdk1.8/jre/lib/jce.jar!/" type="simple" />
            <root url="jar://C:/MY Program File/jdk1.8/jre/lib/jfr.jar!/" type="simple" />
            <root url="jar://C:/MY Program File/jdk1.8/jre/lib/jfxswt.jar!/" type="simple" />
            <root url="jar://C:/MY Program File/jdk1.8/jre/lib/jsse.jar!/" type="simple" />
            <root url="jar://C:/MY Program File/jdk1.8/jre/lib/management-agent.jar!/" type="simple" />
            <root url="jar://C:/MY Program File/jdk1.8/jre/lib/plugin.jar!/" type="simple" />
            <root url="jar://C:/MY Program File/jdk1.8/jre/lib/resources.jar!/" type="simple" />
            <root url="jar://C:/MY Program File/jdk1.8/jre/lib/rt.jar!/" type="simple" />
          </root>
        </classPath>
        <javadocPath>
          <root type="composite" />
        </javadocPath>
        <sourcePath>
          <root type="composite">
            <root url="jar://C:/MY Program File/jdk1.8/src.zip!/" type="simple" />
            <root url="jar://C:/MY Program File/jdk1.8/javafx-src.zip!/" type="simple" />
          </root>
        </sourcePath>
      </roots>
      <additional />
    </jdk>
  </component>
</application>